공장명,공정코드,공정명,공정그룹코드,공정그룹명
KANC1,1111,Lot Start,C3A,MATERIAL PROPERTY
KANC1,5000,Epitaxy,E1B,EPITAXY(MOCVD)
KANC1,9000,Wafer ID Marking,R7A,ETC
KANC1,10000,PR Coating (2~3 inch),L1B,COAT/DEVELOP
KANC1,10001,"PR Coating, Soft Bake",L1B,COAT/DEVELOP
KANC1,10002,PR Coating on backside,L1B,COAT/DEVELOP
KANC1,10010,PR Coating (KrF Stepper),L1B,COAT/DEVELOP
KANC1,10020,PR Coating (i-Line 4~6 inch),L1B,COAT/DEVELOP
KANC1,10500,LOR Coating,L1B,COAT/DEVELOP
KANC1,10510,LOR Coating (4인치),L1B,COAT/DEVELOP
KANC1,12000,Exposure (KrF Stepper),L1A,EXPOSURE
KANC1,12100,Exposure (Mask Aligner - Manual),L1A,EXPOSURE
KANC1,12110,Exposure (Mask Aligner - Auto),L1A,EXPOSURE
KANC1,12500,Chip Isolation Exposure,L1A,EXPOSURE
KANC1,13500,Imprint,L5A,ETC
KANC1,15000,PR Development (2~3 inch),L1B,COAT/DEVELOP
KANC1,15010,PR Development (KrF Stepper),L1B,COAT/DEVELOP
KANC1,15020,PR Development (i-Line 4~6 inch),L1B,COAT/DEVELOP
KANC1,17000,Hard Bake,L5A,ETC
KANC1,18000,Cell Mount,C5A,ETC
KANC1,40000,"Wet Cleaning, Rinse & Dry",R1B,WET-BENCH
KANC1,41100,Wet Cleaning,C1A,OPTICAL PROPERTY
KANC1,41200,"Cleaning, Rinse & Dry",C1A,OPTICAL PROPERTY
KANC1,41300,Ga droplet Cleaning,C1A,OPTICAL PROPERTY
KANC1,42000,Lift-off,C3A,MATERIAL PROPERTY
KANC1,42050,"Metal lift-off, Rinse & Dry",C1A,OPTICAL PROPERTY
KANC1,42500,Laser Lift-off,C1A,OPTICAL PROPERTY
KANC1,43000,PR Removal (Lift-Off),C1A,OPTICAL PROPERTY
KANC1,43050,"PR Removal, Rinse & Dry",R1B,WET-BENCH
KANC1,43100,PR Removal (Track),L3A,STATION/BENCH
KANC1,43150,LOR Removal (Track I),L3A,STATION/BENCH
KANC1,43160,LOR Removal (Track II),L3A,STATION/BENCH
KANC1,43500,BOE Cleaning,R1B,WET-BENCH
KANC1,43510,Backside Etch,R1B,WET-BENCH
KANC1,43520,Cap Layer Etch,R1B,WET-BENCH
KANC1,43530,Epi-Layer Etch,R1B,WET-BENCH
KANC1,45000,wet etching,F1A,STATION/BENCH
KANC1,45050,Au/Ti Wet Etch,F1A,STATION/BENCH
KANC1,46000,Metal Plating,F1D,Au PLATING
KANC1,46100,Cu Electroplating Rinse & Dry,R1C,Au/Ni PLATING
KANC1,47000,Spin Rinse&Dry,C1A,OPTICAL PROPERTY
KANC1,50000,Rapid Thermal Annealing,R3A,RTA
KANC1,60000,Metal Evaporation,F2B,EVAPORATOR
KANC1,60100,Metal Evaporation,F2B,EVAPORATOR
KANC1,61000,Seed Metal Sputtering,F2C,SPUTTER
KANC1,71000,PR Descum,C1A,OPTICAL PROPERTY
KANC1,75000,SiN Dry Etch,R4B,ICP
KANC1,75100,SiO Dry Etch,C1A,OPTICAL PROPERTY
KANC1,76000,Al Etching,C1A,OPTICAL PROPERTY
KANC1,79000,Seed Metal Etch,R4B,ICP
KANC1,79100,GaN Etch,R4B,ICP
KANC1,79101,2nd GaN Etch,R4B,ICP
KANC1,79102,3rd GaN Etch,R4B,ICP
KANC1,79200,KOH Etch,R4B,ICP
KANC1,79300,Isolation Etch,R4B,ICP
KANC1,80000,SiN Deposition,F2B,EVAPORATOR
KANC1,80050,Si3N4 Deposition,R2A,EVAPORATOR
KANC1,80100,SiO Deposition (FR-PE10),C1A,OPTICAL PROPERTY
KANC1,80101,SiO Deposition (FF-PE20),C1A,OPTICAL PROPERTY
KANC1,80200,P-omic reflector metal,F2B,EVAPORATOR
KANC1,80210,p-Metal Dep.,F2B,EVAPORATOR
KANC1,80250,TM Deposition,R2A,EVAPORATOR
KANC1,80260,ARC Evaporation (Dep.),R2A,EVAPORATOR
KANC1,80270,Barrier Metal Dep,R2A,EVAPORATOR
KANC1,80300,N-omic Metal Dep.,F2B,EVAPORATOR
KANC1,80500,Metal Deposition,F2B,EVAPORATOR
KANC1,90000,Inspection,C5A,ETC
KANC1,90998,Inspection (Microscope),C5A,ETC
KANC1,90999,Inspection (Microscope),C5A,ETC
KANC1,92000,P-omic pattern inspection,R6A,INSPECTION
KANC1,92050,N-omic pattern inspection,R6A,INSPECTION
KANC1,92100,Metal Thickness Inspection,R6A,INSPECTION
KANC1,92200,Isolation Pattern Inspection,R6A,INSPECTION
KANC1,92300,Isolation Depth Inspection,R6A,INSPECTION
KANC1,92400,Etch Depth Inspection,R6A,INSPECTION
KANC1,92500,Reflectance Measurement,R6A,INSPECTION
KANC1,95000,Backside Grinding,B1B,GRINDING/ LAPPING/ POLISHING
KANC1,95100,Backside Polishing,B1B,GRINDING/ LAPPING/ POLISHING
KANC1,95500,Back Metal Dep.,F2C,SPUTTER
KANC1,96000,Supporter Wafer Bonding,B3A,BONDING
KANC1,96100,Wafer Bonding,B3A,BONDING
KANC1,96500,Wire Bonding,B3A,BONDING
KANC1,97000,Sawing,B1A,SAWING
KANC1,97050,Dicing,B1A,SAWING
KANC1,97500,Scribing,B1A,SAWING
KANC1,97600,Pick&Place,B1A,SAWING
KANC1,A1000,CD Measure,L4A,INSPECTION
KANC1,A2000,Thickness Measure,E2A,INSPECTION
KANC1,A2001,Thickness Measure 2,E2A,INSPECTION
KANC1,A2002,Thickness Measure 3,E2A,INSPECTION
KANC1,A2003,Thickness Measure 4,E2A,INSPECTION
KANC1,A2100,Roughness Measurement,E2A,INSPECTION
KANC1,A5000,TLM Meas.,C2A,ELECTRICAL PROPERTY
KANC1,A5100,Contact p measurement,C2A,ELECTRICAL PROPERTY
KANC1,A5150,Contact measurement,M5A,INSPECTION
KANC1,A5200,LIV measurement,B4A,PROBE TEST
KANC1,A5300,Reflectance measurement,B4B,RELIABILITY TEST
KANC1,A7000,DC & RF Measurement,C2A,ELECTRICAL PROPERTY
KANC1,B1A001,"Dicing (Auto, Non-Pattern)",B1A,SAWING
KANC1,B1A002,"Dicing (Manual, Pattern)",B1A,SAWING
KANC1,B1A003,Laser Scribing,B1A,SAWING
KANC1,B1A004,Diamond Scribing,B1A,SAWING
KANC1,B1A005,Breaking,B1A,SAWING
KANC1,B1A006,"Dicing (Si, SOI)",B1A,SAWING
KANC1,B1A007,"Dicing (Si, Glass)",B1A,SAWING
KANC1,B1A008,"Dicing (Sapphire, SiC)",B1A,SAWING
KANC1,B1A009,Dicing (Glass),B1A,SAWING
KANC1,B1A010,"Dicing (Si, GaAs)",B1A,SAWING
KANC1,B1B001,Grinding,B1B,GRINDING/ LAPPING/ POLISHING
KANC1,B1B002,Lapping/Polishing,B1B,GRINDING/ LAPPING/ POLISHING
KANC1,B2A001,Device Sorting,B2A,SORTING
KANC1,B3A001,Wafer Bonding,B3A,BONDING
KANC1,B3A002,Die Bonding,B3A,BONDING
KANC1,B3A003,Wire Bonding,B3A,BONDING
KANC1,B4A001,DC Parametric Test,B4A,PROBE TEST
KANC1,B4B001,HAST,B4B,RELIABILITY TEST
KANC1,B4B002,Thermal Shock,B4B,RELIABILITY TEST
KANC1,B4B003,항온항습 Test,B4B,RELIABILITY TEST
KANC1,B4B004,Thermal Transient Test,B4B,RELIABILITY TEST
KANC1,B5A001,Dispensing,B5A,ETC
KANC1,C13A015,Ion Coating,C1A,OPTICAL PROPERTY
KANC1,C1A001,Spectrophotometer,C1A,OPTICAL PROPERTY
KANC1,C1A002,"Absorbance, transmissivity, reflectivity measureme",C1A,OPTICAL PROPERTY
KANC1,C1A003,Diffusive scattering measurement,C1A,OPTICAL PROPERTY
KANC1,C1A004,LIV 측정,C1A,OPTICAL PROPERTY
KANC1,C1A005,Femtosecond laser 광원사용,C1A,OPTICAL PROPERTY
KANC1,C1A006,Optical Prametric Oscillator 광원사용,C1A,OPTICAL PROPERTY
KANC1,C1A007,Optical Prametric Amplifier 광원사용,C1A,OPTICAL PROPERTY
KANC1,C1A008,Time Resolved PL 측정,C1A,OPTICAL PROPERTY
KANC1,C1A009,PL mapping,C1A,OPTICAL PROPERTY
KANC1,C1A010,Oscillator 사용,C1A,OPTICAL PROPERTY
KANC1,C1A011,Solar Cell Efficiency Measurement,C1A,OPTICAL PROPERTY
KANC1,C2A001,Device Modeling,C2A,ELECTRICAL PROPERTY
KANC1,C2A002,RF PCM Test,C2A,ELECTRICAL PROPERTY
KANC1,C2A003,TLM Measurement,C2A,ELECTRICAL PROPERTY
KANC1,C2A004,Idss Measurement,C2A,ELECTRICAL PROPERTY
KANC1,C2A005,DC PCM Test,C2A,ELECTRICAL PROPERTY
KANC1,C2A006,DC/RF Simulation,C2A,ELECTRICAL PROPERTY
KANC1,C2A007,IC-CAP,C2A,ELECTRICAL PROPERTY
KANC1,C2A008,10MHz ~ 67GHz RF (S_Parameter) Measurement,C2A,ELECTRICAL PROPERTY
KANC1,C2A009,10MHz ~ 110GHz RF (S_Parameter) Measurement,C2A,ELECTRICAL PROPERTY
KANC1,C2A010,Oscilloscope,C2A,ELECTRICAL PROPERTY
KANC1,C2A011,전기적 특성 및 High power 측정,C2A,ELECTRICAL PROPERTY
KANC1,C2A012,전기적 특성 및 Quasi-CV 측정,C2A,ELECTRICAL PROPERTY
KANC1,C2A013,LEVEL 1 - Raw data only,C2A,ELECTRICAL PROPERTY
KANC1,C2A014,LEVEL 2 - LEVEL1 + Thermal,C2A,ELECTRICAL PROPERTY
KANC1,C2A015,LEVEL 3 - LEVEL1 + Calculated data,C2A,ELECTRICAL PROPERTY
KANC1,C2A016,LEVEL 4 - LEVEL3 + Thermal,C2A,ELECTRICAL PROPERTY
KANC1,C3A001,AFM,C3A,MATERIAL PROPERTY
KANC1,C3A002,FE SEM,C3A,MATERIAL PROPERTY
KANC1,C3A003,FTIR,C3A,MATERIAL PROPERTY
KANC1,C3A004,XRF,C3A,MATERIAL PROPERTY
KANC1,C3A005,Surface roughness/height (sub-nm resolution),C3A,MATERIAL PROPERTY
KANC1,C3A006,Surface voltage distribution  (EFM/KFM),C3A,MATERIAL PROPERTY
KANC1,C3A007,Surface magnetic domain imaging (MFM),C5A,ETC
KANC1,C3A008,Doping concentration distribution (SCM),C5A,ETC
KANC1,C3A009,Surface/cross-section imaging,C5A,ETC
KANC1,C3A010,Elemental analysis (EDS),C5A,ETC
KANC1,C3A011,Surface/cross-section imaging,C5A,ETC
KANC1,C3A012,"Cathodoluminescence (point spectrum, imaging)",C5A,ETC
KANC1,C3A013,"Vibrational spectrum (point, mapping)",C5A,ETC
KANC1,C3A014,Molecule identification,C5A,ETC
KANC1,C3A015,Ion Coating,C5A,ETC
KANC1,C3A016,CL,C3A,MATERIAL PROPERTY
KANC1,C3A017,FIB(Milling),C3A,MATERIAL PROPERTY
KANC1,C3A018,FIB(Imaging),C3A,MATERIAL PROPERTY
KANC1,C3A019,FIB(TEM Preparation),C3A,MATERIAL PROPERTY
KANC1,C3A020,TEM Imaging,C3A,MATERIAL PROPERTY
KANC1,C3A021,STEM/EDS/HAADF,C3A,MATERIAL PROPERTY
KANC1,C3A022,EELS,C3A,MATERIAL PROPERTY
KANC1,C3A023,시편제작(센터의뢰시),C3A,MATERIAL PROPERTY
KANC1,C3A024,시편제작(직접사용시),C3A,MATERIAL PROPERTY
KANC1,C3A025,TEM cross section,C3A,MATERIAL PROPERTY
KANC1,C3A026,TEM plan view,C3A,MATERIAL PROPERTY
KANC1,C3A027,Etching,C3A,MATERIAL PROPERTY
KANC1,C3A028,고난도 전처리,C3A,MATERIAL PROPERTY
KANC1,C3A029,"SEM cross section(Polymer, Flexible materials)",C3A,MATERIAL PROPERTY
KANC1,C3A030,SEM cross section,C3A,MATERIAL PROPERTY
KANC1,C4A001,Wafer Cleaning,C4A,WET
KANC1,C5A001,Parameter Analyzer,C5A,ETC
KANC1,C5A002,Microscope Inspection,C5A,ETC
KANC1,C5A003,Imaging (Bright/dark field) up to 1000x,L3A,STATION/BENCH
KANC1,C5A004,Differential interference contrast(DIC),L3A,STATION/BENCH
KANC1,C5A005,Imaging (Bright/dark field) up to 1000 x,L3A,STATION/BENCH
KANC1,C5A006,Parameter Extraction - Probe Station II/67GHz,C5A,ETC
KANC1,C5A007,Parameter Extraction - Probe Station I/110GHz,C5A,ETC
KANC1,C5A008,Test & Analysis,C5A,ETC
KANC1,C6A001,XPS(Surface analysis),C6A,SURFACE
KANC1,C6A002,XPS(Depth profile),C6A,SURFACE
KANC1,C6A003,XPS(ARXPS),C6A,SURFACE
KANC1,E1A001,MBE (As),E1A,EPITAXY(MBE)
KANC1,E1A002,MBE (N),E1A,EPITAXY(MBE)
KANC1,E1B001,MOCVD l (InGaAs/InpInP),E1B,EPITAXY(MOCVD)
KANC1,E1B002,MOCVD II (N),E1B,EPITAXY(MOCVD)
KANC1,E1B003,MOCVD lII (AIGaAs/GaAs),E1B,EPITAXY(MOCVD)
KANC1,E1B004,MOCVD lV (GaInP/GaAs),E1B,EPITAXY(MOCVD)
KANC1,E1B005,MOCVD V (epi),E1B,EPITAXY(MOCVD)
KANC1,E1B006,MOCVD Ⅵ(epi-Ⅵ),E1B,EPITAXY(MOCVD)
KANC1,E1B007,III-N 에피택시 성장,E1B,EPITAXY(MOCVD)
KANC1,E2A001,AlGaInP Material measurement,E2A,INSPECTION
KANC1,E2A002,GaN Material measurement,E2A,INSPECTION
KANC1,E2A003,InP Material measurement,E2A,INSPECTION
KANC1,E2A004,u-GaAs Hall Mobility Measure,E2A,INSPECTION
KANC1,E2A005,u-InP Hall Mobility Measure,E2A,INSPECTION
KANC1,E2A006,u-GaN Hall Mobility Measure,E2A,INSPECTION
KANC1,E2A007,AlGaInP Material measurement,E2A,INSPECTION
KANC1,E2A008,GaN Material measurement,E2A,INSPECTION
KANC1,E2A009,InGaAs Material measurement,E2A,INSPECTION
KANC1,E2A010,InGaAsP Material measurement,E2A,INSPECTION
KANC1,E2A011,AlGaInP/GaN/InGaAs/InGaAsP Material mapping,E2A,INSPECTION
KANC1,E2A012,Rs Measurement,E2A,INSPECTION
KANC1,E2A013,AlGaInP Material measurement,E2A,INSPECTION
KANC1,E2A014,GaN Material measurement,E2A,INSPECTION
KANC1,E2A015,InGaAs Material measurement,E2A,INSPECTION
KANC1,F1A001,Ti Wet Etch,F1A,STATION/BENCH
KANC1,F1A002,Alkali Wet Process,F1A,STATION/BENCH
KANC1,F1A003,PR Removal (General),F1A,STATION/BENCH
KANC1,F1A004,SiO Etch,F1A,STATION/BENCH
KANC1,F1A005,KOH Wet Process,F1A,STATION/BENCH
KANC1,F1B001,Initial Cleaning,F1B,LIFT-OFF
KANC1,F1B002,Metal Liftoff,F1B,LIFT-OFF
KANC1,F1C001,GaAs Spin Etch,F1C,SPIN ETCHER
KANC1,F1C002,AlAs Spin Etch,F1C,SPIN ETCHER
KANC1,F1C003,AlGaAs Spin Etch,F1C,SPIN ETCHER
KANC1,F1D001,Au Plating,F1D,Au PLATING
KANC1,F1D002,Backside Au Plating,F1D,Au PLATING
KANC1,F2A001,Ion Implant,F2A,ION IMPLANTER
KANC1,F2A002,Ti Deposition,F1A,STATION/BENCH
KANC1,F2A003,Au Deposition,F1A,STATION/BENCH
KANC1,F2B001,Metal Evaporation,F2B,EVAPORATOR
KANC1,F2B002,Metal Evaporation,F2B,EVAPORATOR
KANC1,F2C001,Metal Sputtering,F2C,SPUTTER
KANC1,F2C002,ITO Sputtering,F2C,SPUTTER
KANC1,F2D001,SiN Deposition,F2D,CVD
KANC1,F2D002,SiO2 Deposition,F2D,CVD
KANC1,F2D003,Undoped Poly,F2D,CVD
KANC1,F2D004,TEOS,F2D,CVD
KANC1,F2D005,BPSG,F2D,CVD
KANC1,F2D006,Thick Nitride,F2D,CVD
KANC1,F2D007,Oxidation,F2D,CVD
KANC1,F2D008,Thin Nitride,F2D,CVD
KANC1,F2D009,절연막 증착,F2D,CVD
KANC1,F3A001,Ohmic Alloy,F3A,RTA
KANC1,F3B001,"PoCl3 Doping, Annealing",F3B,FURNACE
KANC1,F4A001,Wafer Cleaning (Dry Cleaning),F4A,ASHER
KANC1,F4A002,PR Mask Removal(PR Ashing),F4A,ASHER
KANC1,F4A003,PR Descum,F4A,ASHER
KANC1,F4A004,PR Strip(PR Ashing),F4A,ASHER
KANC1,F4B001,GaAs Dry Etch,F4B,ICP
KANC1,F4B002,AlGaAs Dry Etch,F4B,ICP
KANC1,F4B003,SiN Etch,F4B,ICP
KANC1,F4B004,Metal Dry Etch,F4B,ICP
KANC1,F4C001,Backside GaAs Dry Etch,F4C,RIE
KANC1,F4C002,"Metal, Insulator dry etch",F4C,RIE
KANC1,F5A001,Defect & Haze Measure,F5A,INSPECTION
KANC1,F5A002,Particle( >90nm)/ haze/scratch/area defects meas.,F4A,ASHER
KANC1,F6A001,Spin Rinse Dry,F6A,ETC
KANC1,F6A002,Microscope Inspection,F6A,ETC
KANC1,FATEST,Scriber/Breaker Test용 임시 테스트 공정,Z1A,ETC
KANC1,L1A001,Exposure,L1A,EXPOSURE
KANC1,L1A002,Exposure(Align 추가),L1A,EXPOSURE
KANC1,L1A003,KrF Exposure,L1A,EXPOSURE
KANC1,L1A004,Exposure 직접사용,L1A,EXPOSURE
KANC1,L1A005,1st Photo (No Align),L1A,EXPOSURE
KANC1,L1A006,Top-side & Back-side,L1A,EXPOSURE
KANC1,L1B001,PR Coating (Track I) - 5마이크로 이하,L1B,COAT/DEVELOP
KANC1,L1B002,PR Development (Track I) - 5마이크로 이하,L1B,COAT/DEVELOP
KANC1,L1B003,PR Coating(Track II) - 5마이크로 이하,L1B,COAT/DEVELOP
KANC1,L1B004,PR Development(Track II) - 5마이크로 이하,L1B,COAT/DEVELOP
KANC1,L1B005,"PR Coating  (Track III, IV) - 5마이크로 이하",L1B,COAT/DEVELOP
KANC1,L1B006,"PR Development  (Track III, IV) - 5마이크로 이하",L1B,COAT/DEVELOP
KANC1,L1B007,PR Coating (Track I) - 5마이크로 이상,L1B,COAT/DEVELOP
KANC1,L1B008,PR Coating(Track II) - 5마이크로 이상,L1B,COAT/DEVELOP
KANC1,L1B009,"PR Coating  (Track III, IV) - 5마이크로 이상",L1B,COAT/DEVELOP
KANC1,L1B010,BARC(Track II),L1B,COAT/DEVELOP
KANC1,L1B011,Coating & Development,L1B,COAT/DEVELOP
KANC1,L1B012,PR Development (Track I) - 5마이크로 이상,L1B,COAT/DEVELOP
KANC1,L1B013,PR Development (Track II) - 5마이크로 이상,L1B,COAT/DEVELOP
KANC1,L1B014,"PR Development (Track III, IV) - 5마이크로 이상",L1B,COAT/DEVELOP
KANC1,L1B015,LOR Coating,L1B,COAT/DEVELOP
KANC1,L1B016,KrF Coating & Development,L1B,COAT/DEVELOP
KANC1,L1B017,PR Coating & Development 직접사용(FL-TR10),L1B,COAT/DEVELOP
KANC1,L1B018,PR Coating & Development 직접사용(FL-TR30),L1B,COAT/DEVELOP
KANC1,L1B019,PR Coating & Development 직접사용(FL-TR40),L1B,COAT/DEVELOP
KANC1,L1C001,E-beam Curing,L1C,CURING
KANC1,L2A001,E-beam Writing 직접사용,L2A,E-BEAM
KANC1,L2A002,sub 20nm Patterning(ZEP) 직접사용,L2A,E-BEAM
KANC1,L2A003,sub 20nm Patterning(ZEP) 센터지원,L2A,E-BEAM
KANC1,L2A004,E-beam Writing 센터지원,L2A,E-BEAM
KANC1,L2A005,E-beam Writing 센터지원,L2A,E-BEAM
KANC1,L3A001,PR Removal(General),L3A,STATION/BENCH
KANC1,L3A002,PR Development,L3A,STATION/BENCH
KANC1,L3A003,PR Removal 직접사용(FL-WS10),L3A,STATION/BENCH
KANC1,L3A004,PR Development 직접사용,L3A,STATION/BENCH
KANC1,L3A005,PR Removal 직접사용(FL-WB10),L3A,STATION/BENCH
KANC1,L4A001,CD Measurement,L4A,INSPECTION
KANC1,L4A002,FIB,L4A,INSPECTION
KANC1,L4A003,SEM,L4A,INSPECTION
KANC1,L4A004,CL,L4A,INSPECTION
KANC1,L4A005,FIB(Milling),L4A,INSPECTION
KANC1,L4A006,FIB(Imaging),L4A,INSPECTION
KANC1,L4A007,FIB(TEM preparation),L4A,INSPECTION
KANC1,L5A001,Spin Rinse Dry,L5A,ETC
KANC1,L5A002,PR Coating,L5A,ETC
KANC1,L5A003,Oven,L5A,ETC
KANC1,L5A004,Hot Plate,L5A,ETC
KANC1,L5A005,Microscope Inspection,L5A,ETC
KANC1,L5A006,Mask Cleaning,L5A,ETC
KANC1,L5A007,Pattern Design,L5A,ETC
KANC1,L5A008,Imprint,L5A,ETC
KANC1,L5A009,Curing,L5A,ETC
KANC1,L5A010,"DFR,FILM Coating",L5A,ETC
KANC1,L5A011,Oven 직접사용,L5A,ETC
KANC1,L5A012,PR Coating 직접사용,L5A,ETC
KANC1,L5A013,Imprint 직접사용,L5A,ETC
KANC1,M2B001,AL/Ti/TiN 증착,M2B,SPUTTER
KANC1,M4A001,Oxide/Nitride Etch,M4A,ICP
KANC1,M4A002,Poly Etch,M4A,ICP
KANC1,M4B001,Ashing/Descum,M4B,ASHER
KANC1,M4B002,PR Strip(Ashing),M4B,ASHER
KANC1,M4B003,Descum,M4B,ASHER
KANC1,M5A001,DC Probe,M5A,INSPECTION
KANC1,M5A002,Screen Printing,M5A,INSPECTION
KANC1,M5A003,Wafer Transfer,M5A,INSPECTION
KANC1,O1A001,Dynamic SIMS,O1A,SURFACE
KANC1,O1A002,TOF SIMS,O1A,SURFACE
KANC1,O1A003,Auger Electron Microscope,O1A,SURFACE
KANC1,O1A004,XPS,O1A,SURFACE
KANC1,O1A005,RBS,O1A,SURFACE
KANC1,O2A001,3D Atom Probe,O2A,MATERIAL
KANC1,O2A002,EPMA,O2A,MATERIAL
KANC1,O2A003,EBSD,O2A,MATERIAL
KANC1,O2A004,XRF,O2A,MATERIAL
KANC1,O2A005,Confocal Laser Microscope,O2A,MATERIAL
KANC1,O2A006,Raman,O2A,MATERIAL
KANC1,O3A001,ICP-MS,O3A,CHEMICAL
KANC1,O3A002,ICP-AES,O3A,CHEMICAL
KANC1,O3A003,IC,O3A,CHEMICAL
KANC1,O3A004,GC-MS,O3A,CHEMICAL
KANC1,O3A005,LC-MS,O3A,CHEMICAL
KANC1,O3A006,NMR,O3A,CHEMICAL
KANC1,O4A001,X-ray 3D CT,O4A,FAILURE
KANC1,O4A002,Thermal Emission Microscope,O4A,FAILURE
KANC1,O4A003,Photo Emission Microscope,O4A,FAILURE
KANC1,O4A004,Decapsulation,O4A,FAILURE
KANC1,P1A001,Highly Accelerated Life Test,P1A,LIFE & Environment
KANC1,P1A002,High/Low Temperature Storage Test,P1A,LIFE & Environment
KANC1,P1A003,Highly Accelerated Stress Test,P1A,LIFE & Environment
KANC1,P1A004,Pressure Cooker Test,P1A,LIFE & Environment
KANC1,P1A005,Thermal Shock Test,P1A,LIFE & Environment
KANC1,P1A006,Power and Temperature Cycle Test,P1A,LIFE & Environment
KANC1,P1A007,Temperature Cycle Test,P1A,LIFE & Environment
KANC1,P1A008,"Temperature, Humidity, Bias Test",P1A,LIFE & Environment
KANC1,P1A009,High/Low Temperature Operation Lifetime Test,P1A,LIFE & Environment
KANC1,P2A001,Mechanical Shock Test,P2A,Mechanical
KANC1,P2A002,Drop Test,P2A,Mechanical
KANC1,P2A003,Vibration Test,P2A,Mechanical
KANC1,P2A004,Bending Test,P2A,Mechanical
KANC1,P2A005,Torque Test,P2A,Mechanical
KANC1,P3A001,ESD test,P3A,Static Electrical
KANC1,P3A002,Latch-up Test,P3A,Static Electrical
KANC1,P3A003,Electrical Overstress Test,P3A,Static Electrical
KANC1,Q2A001,Pattern Exposure,Q2A,LITHOGRAPHY
KANC1,Q2A002,Pattern Exposure(직접사용),Q2A,LITHOGRAPHY
KANC1,Q2A003,E-beam Lithography,Q2A,LITHOGRAPHY
KANC1,Q4A001,Metal etch,Q4A,ETCH
KANC1,Q4A002,Insulator etch,Q4A,ETCH
KANC1,R1A001,Acid Wet Process,R1A,WET-STATION
KANC1,R1A002,Alkali Wet Process,R1A,WET-STATION
KANC1,R1A003,Organic Wet Process,R1A,WET-STATION
KANC1,R1A004,KOH Wet Process,R1A,WET-STATION
KANC1,R1A005,SPM Cleaning,R1A,WET-STATION
KANC1,R1B001,Acid Wet Process,R1B,WET-BENCH
KANC1,R1B002,Alkali Wet Process,R1B,WET-BENCH
KANC1,R1B003,Organic Wet Process,R1B,WET-BENCH
KANC1,R1B004,Metal Liftoff,R1B,WET-BENCH
KANC1,R1B005,Wafer Cleaning,R1B,WET-BENCH
KANC1,R1B006,PR Removal(General),C2A,ELECTRICAL PROPERTY
KANC1,R1C001,Cu Plating,R1C,Au/Ni PLATING
KANC1,R1C002,Ni Plating,R1C,Au/Ni PLATING
KANC1,R2A001,Metal Evaporation,R2A,EVAPORATOR
KANC1,R2B001,Metal Sputtering,R2B,SPUTTER
KANC1,R2C001,PE(HDP)-CVD,R2C,CVD
KANC1,R3A001,Ohmic Alloy,R3A,RTA
KANC1,R3A002,Annealing,R3A,RTA
KANC1,R3A003,Thermal Oxidation,R3A,RTA
KANC1,R4A001,PR Descum,R4A,ASHER
KANC1,R4A002,PR Ashing,R4A,ASHER
KANC1,R4B001,GaN/GaAs Dry Etch,R4B,ICP
KANC1,R4B002,Metal Dry Etch,R4B,ICP
KANC1,R4B003,Si Dry Etch (General),R4B,ICP
KANC1,R4B004,Si Dry Etch (Below 50um),R4B,ICP
KANC1,R4B006,SiO2/SiNx Dry Etch,R4B,ICP
KANC1,R5A001,MOCVD,R5A,MOCVD
KANC1,R6A001,PL Mapper,R6A,INSPECTION
KANC1,R6A002,Hall Measurement,R6A,INSPECTION
KANC1,R6A003,XRD,R6A,INSPECTION
KANC1,R6A004,Doping Measurement,R6A,INSPECTION
KANC1,R6A005,Rs Measurement,R6A,INSPECTION
KANC1,R6A006,AFM,R6A,INSPECTION
KANC1,R6A007,AlGaInP Material measurement,C1A,OPTICAL PROPERTY
KANC1,R6A008,GaN Material measurement,C1A,OPTICAL PROPERTY
KANC1,R6A009,InGaAs Material measurement,C1A,OPTICAL PROPERTY
KANC1,R6A010,InGaAsP Material measurement,C1A,OPTICAL PROPERTY
KANC1,R6A011,AlGaInP/GaN/InGaAs/InGaAsP Material  mapping,C1A,OPTICAL PROPERTY
KANC1,R6A012,u-GaAs Hall Mobility Measure,C1A,OPTICAL PROPERTY
KANC1,R6A013,u-InP Hall Mobility Measure,C1A,OPTICAL PROPERTY
KANC1,R6A014,u-GaN Hall Mobility Measure,C1A,OPTICAL PROPERTY
KANC1,R6A015,AlGaInP Material measurement,C1A,OPTICAL PROPERTY
KANC1,R6A016,GaN Material measurement,C1A,OPTICAL PROPERTY
KANC1,R6A017,InGaAs Material measurement,C1A,OPTICAL PROPERTY
KANC1,R6A018,AlGaInP Material measurement,C1A,OPTICAL PROPERTY
KANC1,R6A019,GaN Material measurement,C1A,OPTICAL PROPERTY
KANC1,R6A020,InP Material measurement,C1A,OPTICAL PROPERTY
KANC1,R7A001,Spin Rinse Dry,R7A,ETC
KANC1,R7A002,Microscope Inspection,R7A,ETC
KANC1,R7A003,Stress Measurement,R7A,ETC
KANC1,R7A004,4 Point Probe,R7A,ETC
KANC1,R7A005,Ellipsometer,R7A,ETC
KANC1,R7A006,Thickness Measurement,R7A,ETC
KANC1,R7A007,u-GaAs Layer Sheet Resistance Measure,R7A,ETC
KANC1,R7A008,u-InP Layer Sheet Resistance Measure,R7A,ETC
KANC1,R7A009,u-GaN Layer Sheet Resistance Measure,R7A,ETC
KANC1,R7A010,Film thickness measurement,R7A,ETC
KANC1,R7A011,Surface height measurement,R7A,ETC
KANC1,R7A012,Sheet resistance measurement,R7A,ETC
KANC1,R7A013,"Optical constant measurement (n, k)",R7A,ETC
KANC1,R7A014,Film thickness measurement,R7A,ETC
KANC1,R7A015,Film stress measurement (temperature dependence),R7A,ETC
KANC1,R7A016,Wafer Bonding,R7A,ETC
KANC1,R7A017,Wafer ID Marking,R7A,ETC
KANC1,R8A001,Laser Liftoff,R8A,LASER
KANC1,S1A001,"단면분석(표면, 단면, EDS, EBSD)",S1A,MEASUREMENT&ANALYSIS
KANC1,S1A002,"TEM시편제작(단면, 표준사이즈 깊이 5 um)",S1A,MEASUREMENT&ANALYSIS
KANC1,S1A003,"TEM시편제작(Invert, 후면가공, 표준사이즈 깊이 5 um",S1A,MEASUREMENT&ANALYSIS
KANC1,S1A004,"TEM시편제작(표면, 표준사이즈 깊이 6 um)",S1A,MEASUREMENT&ANALYSIS
KANC1,S1A005,3D 단면 분석,S1A,MEASUREMENT&ANALYSIS
KANC1,S1A006,LEVEL 1 - Raw data only,S1A,MEASUREMENT&ANALYSIS
KANC1,S1A007,LEVEL 2 - LEVEL 1 + Thermal,S1A,MEASUREMENT&ANALYSIS
KANC1,S1A008,LEVEL 3 - LEVEL 1 + Calculated data,S1A,MEASUREMENT&ANALYSIS
KANC1,S1A009,LEVEL 4 - LEVEL 3 + Thermal,S1A,MEASUREMENT&ANALYSIS
KANC1,S1A010,Sheet Resistance Measurement(8 inch wafer 이하),S1A,MEASUREMENT&ANALYSIS
KANC1,S1A011,Sheet Resistance Measurement(12 inch wafer),S1A,MEASUREMENT&ANALYSIS
KANC1,S1A012,"Type1 : 6, 8 inch plan wafer",S1A,MEASUREMENT&ANALYSIS
KANC1,S1A013,"Type2 : 6, 8 inch pattern wafer",S1A,MEASUREMENT&ANALYSIS
KANC1,S1A014,"Type3 : 4, 12 inch plane wafer",S1A,MEASUREMENT&ANALYSIS
KANC1,S1A015,Load-Pull Measurement,S1A,MEASUREMENT&ANALYSIS
KANC1,S1A016,오버레이 측정,S1A,MEASUREMENT&ANALYSIS
KANC1,S1A017,RF Noise Parameter Measurement,S1A,MEASUREMENT&ANALYSIS
KANC1,S1A018,결함 측정,S1A,MEASUREMENT&ANALYSIS
KANC1,S1A019,"HDP(USG,FSG)",S1A,MEASUREMENT&ANALYSIS
KANC1,S1A020,"CVD(SIO2, SiNx)",S1A,MEASUREMENT&ANALYSIS
KANC1,S1A021,결함측정분석,S1A,MEASUREMENT&ANALYSIS
KANC1,S1A022,금속 박막 두께 측정,S1A,MEASUREMENT&ANALYSIS
KANC1,S1A023,형상 측정,S1A,MEASUREMENT&ANALYSIS
KANC1,S3A001,금속막 원자층 증착(8인치 이하 기판),S3A,THIN FILM
KANC1,S3A002,금속막 원자층 증착(12인치 기판),S3A,THIN FILM
KANC1,S3A003,절연막 원자층 증착(8인치 이하 기판),S3A,THIN FILM
KANC1,S3A004,절연막 원자층 증착(12인치 기판),S3A,THIN FILM
KANC1,S3A005,SiNx/SiON CVD,S3A,THIN FILM
KANC1,S3A006,TEOS/TEOS-FSG CVD,S3A,THIN FILM
KANC1,S3A007,ACL CVD,S3A,THIN FILM
KANC1,S3A008,W CVD,S3A,THIN FILM
KANC1,S3A009,Ti Sputter(Endura),S3A,THIN FILM
KANC1,S3A010,TiN Sputter(Endura),S3A,THIN FILM
KANC1,S3A011,Cu Sputter(Endura),S3A,THIN FILM
KANC1,S3A012,Ta Sputter(Endura),S3A,THIN FILM
KANC1,S3A013,TaN Sputter(Endura),S3A,THIN FILM
KANC1,S3A014,Ti Sputter(Evatec),S3A,THIN FILM
KANC1,S3A015,TiN Sputter(Evatec),S3A,THIN FILM
KANC1,S3A016,Al:Cu(0.5%) Sputter(Evatec),S3A,THIN FILM
KANC1,S3A017,Cu Sputter(Evatec),S3A,THIN FILM
KANC1,S4A001,금속막 식각,S4A,ETCH
KANC1,S4A002,PR Ashing,S4A,ETCH
KANC1,S4A003,절연막 식각,S4A,ETCH
KANC1,S4A004,실리콘 식각,S4A,ETCH
KANC1,S4A005,PR Ashing,S4A,ETCH
KANC1,S4A006,SiC Via Etch,S4A,ETCH
KANC1,S4A007,GaN Etch,S4A,ETCH
KANC1,S5A001,Damascene,S5A,WET
KANC1,S5A002,TSV,S5A,WET
KANC1,S5A003,Wet cleaning,S5A,WET
KANC1,S5A004,Wet etch,S5A,WET
KANC1,S5A005,Cleaning,S5A,WET
KANC1,S5A006,Cleaning Etching PR Strip,S5A,WET
KANC1,S6A001,Grinding/Polishing,S6A,POLISHING
KANC1,S6A002,W CMP,S6A,POLISHING
KANC1,S6A003,Oxide CMP,S6A,POLISHING
KANC1,S6A004,Cu Bulk CMP/Barrier Metal CMP,S6A,POLISHING
KANC1,S7A001,Adhesive Bonding,S7A,BONDING
KANC1,S7A002,Debonding,S7A,BONDING
KANC1,S7A003,Alignment,S7A,BONDING
KANC1,S7A004,Thermo-Comp. Bonding,S7A,BONDING
KANC1,S7A005,High vaccum Eutectic Bonding,S7A,BONDING
KANC1,S8A001,Rapid Thermal Annealing,S8A,THERMAL
KANC1,S8A002,Annealing,S8A,THERMAL
KANC1,Z1000,외주 Implant,C3A,MATERIAL PROPERTY
KANC1,Z2000,외주 RTP Activation,C3A,MATERIAL PROPERTY
KANC1,Z3000,Mask Drawing,Z1A,ETC
KANC1,Z4000,외주 Metal Plating,Z1A,ETC
KANC1,Z4100,외주 Kappa & Gold Plating,Z1A,ETC
KANC1,Z4110,외주 Spin Rinse & Dry,Z1A,ETC
KANC1,Z5000,외주 Grinding & Polishing,Z1A,ETC
KANC1,ZSHP1,마지막 FAB Out 공정,C3A,MATERIAL PROPERTY
